{"cameraMode":{"drawMode":0,"name":"Shaded","section":"Shading Mode"},"sceneLighting":true,"audioPlay":false,"sceneViewState":{"m_AlwaysRefresh":false,"showFog":true,"showSkybox":true,"showFlares":true,"showImageEffects":true,"showParticleSystems":true,"showVisualEffectGraphs":true,"m_FxEnabled":true},"in2DMode":false,"pivot":{"x":-42.519622802734378,"y":-30.564956665039064,"z":31.383872985839845},"rotation":{"x":0.3814006745815277,"y":0.213304340839386,"z":-0.09091293811798096,"w":0.8948583006858826},"size":134.21693420410157,"orthographic":true}