{"cameraMode":{"drawMode":0,"name":"Shaded","section":"Shading Mode"},"sceneLighting":true,"audioPlay":false,"sceneViewState":{"m_AlwaysRefresh":false,"showFog":true,"showSkybox":true,"showFlares":true,"showImageEffects":true,"showParticleSystems":true,"showVisualEffectGraphs":true,"m_FxEnabled":true},"in2DMode":false,"pivot":{"x":0.3694331645965576,"y":15.872213363647461,"z":11.26330280303955},"rotation":{"x":-0.09595409780740738,"y":0.8968562483787537,"z":-0.23954397439956666,"w":-0.3592557907104492},"size":3.8030638694763185,"orthographic":false}