{"cameraMode":{"drawMode":0,"name":"Shaded","section":"Shading Mode"},"sceneLighting":true,"audioPlay":false,"sceneViewState":{"m_AlwaysRefresh":false,"showFog":true,"showSkybox":true,"showFlares":true,"showImageEffects":true,"showParticleSystems":true,"showVisualEffectGraphs":true,"m_FxEnabled":true},"in2DMode":false,"pivot":{"x":139.67227172851563,"y":-44.72591018676758,"z":220.72552490234376},"rotation":{"x":0.28176137804985049,"y":0.321353018283844,"z":-0.10078004002571106,"w":0.8984371423721314},"size":178.74359130859376,"orthographic":false}